Afghanistan, Kabul
Albania,Tirana
Algeria,Algiers
Andorra,Andorra la Vella
Angola, Luanda
Argentina, Buenos Aires
Armenia, Yerevan
Australia, Canberra
Austria, Vienna
Azerbaijan, Baku
Bahrain, Manama
Bangladesh, Dhaka
Barbados, Bridgetown
Belarus, Minsk
Belgium, Brussels
Belize, Belmopan
Benin, Porto
Bhutan, Thimphu
Bolivia, La Paz
Botswana, Gaborone
Brazil, Brasilia
Brunei, Bandar Seri Begawan
Bulgaria, Sofia
Burkina Faso, Ouagadougou
Burundi, Bujumbura
Cambodia, Phnom Penh
Cameroon, Yaounde
Canada, Ottawa
Chad, N'Djamena
Chile, Santiago
China, Beijing
Colombia, Bogota
Comoros, Moroni
Croatia, Zagreb
Cuba, Havana
Cyprus, Nicosia
Denmark, Copenhagen
Djibouti, Djibouti
Dominica, Roseau
East Timor, Dili
Ecuador, Quito
Egypt, Cairo
El Salvador, San Salvador
Equatorial Guinea, Malabo
Eritrea, Asmara
Estonia, Tallinn
Ethiopia, Addis Ababa
Fiji, Suva
Finland, Helsinki
France, Paris
Gabon, Libreville
Gambia, Banjul
Georgia, Tbilisi
Germany, Berlin
Ghana, Accra
Greece, Athens
Grenada, Saint George's
Guatemala, Guatemala
Guinea, Conakry
Guinea,Bissau
Guyana, Georgetown
Haiti, Port
Honduras, Tegucigalpa
Hungary, Budapest
Iceland, Reykjavik
India, New Delhi
Indonesia, Jakarta
Iran, Tehran
Iraq, Baghdad
Ireland, Dublin
Israel, Jerusalem
Italy, Rome
Jamaica, Kingston
Japan, Tokyo
Jordan, Amman
Kazakhstan, Astana
Kenya, Nairobi
Kiribati, Tarawa Atoll
Korea, North
Korea, South
Kosovo, Pristina
Kuwait, Kuwait City
Kyrgyzstan, Bishkek
Laos, Vientiane
Latvia, Riga
Lebanon, Beirut
Lesotho, Maseru
Liberia, Monrovia
Libya, Tripoli
Liechtenstein, Vaduz
Lithuania, Vilnius
Luxembourg, Luxembourg
Macedonia, Skopje
Madagascar, Antananarivo
Malawi, Lilongwe
Malaysia, Kuala Lumpur
Maldives, Male
Mali, Bamako
Malta, Valletta
Marshall Islands, Majuro
Mauritania, Nouakchott
Mauritius, Port Louis
Mexico, Mexico
Moldova, Chisinau
Monaco, Monaco
Mongolia, Ulaanbaatar
Montenegro, Podgorica
Morocco, Rabat
Mozambique, Maputo
Myanmar, Rangoon
Namibia, Windhoek
Nepal, Kathmandu
Netherlands, Amsterdam
New Zealand, Wellington
Nicaragua, Managua
Niger, Niamey
Nigeria, Abuja
Norway, Oslo
Oman, Muscat
Pakistan, Islamabad
Palau, Melekeok
Panama, Panama City
Papua New Guinea, Port Moresby
Paraguay, Asuncion
Peru, Lima
Philippines, Manila
Poland, Warsaw
Portugal, Lisbon
Qatar, Doha
Romania, Bucharest
Russia, Moscow
Rwanda, Kigali
Saint Lucia, Castries
Samoa, Apia
San Marino, San Marino
Saudi Arabia, Riyadh
Senegal, Dakar
Serbia, Belgrade
Seychelles, Victoria
Sierra Leone, Freetown
Singapore, Singapore
Slovakia, Bratislava
Slovenia, Ljubljana
Solomon Islands, Honiara
Somalia, Mogadishu
South Africa, Pretoria
South Sudan, Juba 
Spain, Madrid
Sri Lanka, Colombo
Sudan, Khartoum
Suriname, Paramaribo
Swaziland, Mbabane
Sweden, Stockholm
Switzerland, Bern
Syria, Damascus
Taiwan, Taipei
Tajikistan, Dushanbe
Tanzania, Dar es Salaam
Thailand, Bangkok
Togo, Lome
Tonga, Nuku'alofa
Tunisia, Tunis
Turkey, Ankara
Turkmenistan, Ashgabat
Tuvalu, Vaiaku village
Uganda, Kampala
Ukraine, Kyiv
United Arab Emirates, Abu Dhabi
United Kingdom, London
United States of America, Washington D.C.
Uruguay, Montevideo
Uzbekistan, Tashkent
Vanuatu, Port,
Vatican, Vatican
Venezuela, Caracas
Vietnam, Hanoi
Yemen, Sanaa
Zambia, Lusaka
Zimbabwe, Harare